-- phpMyAdmin SQL Dump
-- version 4.5.1
-- http://www.phpmyadmin.net
--
-- 主機: 127.0.0.1
-- 產生時間： 2016-12-13 19:46:48
-- 伺服器版本: 10.1.16-MariaDB
-- PHP 版本： 5.6.24

SET SQL_MODE = "NO_AUTO_VALUE_ON_ZERO";
SET time_zone = "+00:00";


/*!40101 SET @OLD_CHARACTER_SET_CLIENT=@@CHARACTER_SET_CLIENT */;
/*!40101 SET @OLD_CHARACTER_SET_RESULTS=@@CHARACTER_SET_RESULTS */;
/*!40101 SET @OLD_COLLATION_CONNECTION=@@COLLATION_CONNECTION */;
/*!40101 SET NAMES utf8mb4 */;

--
-- 資料庫： `ebizlearn_th`
--
CREATE DATABASE IF NOT EXISTS `ebizlearn_th` DEFAULT CHARACTER SET utf8 COLLATE utf8_general_ci;
USE `ebizlearn_th`;

-- --------------------------------------------------------

--
-- 資料表結構 `have`
--

CREATE TABLE `have` (
  `have_id` bigint(20) NOT NULL,
  `have_number` int(10) NOT NULL,
  `have_story_part` int(10) NOT NULL,
  `have_flag` tinyint(1) NOT NULL,
  `have_task_flag` tinyint(1) NOT NULL,
  `have_story_flag` tinyint(1) NOT NULL,
  `have_date` timestamp NOT NULL DEFAULT CURRENT_TIMESTAMP ON UPDATE CURRENT_TIMESTAMP,
  `test_key` int(11) NOT NULL
) ENGINE=InnoDB DEFAULT CHARSET=utf8;

--
-- 資料表的匯出資料 `have`
--

INSERT INTO `have` (`have_id`, `have_number`, `have_story_part`, `have_flag`, `have_task_flag`, `have_story_flag`, `have_date`, `test_key`) VALUES
(1, 1, 1, 0, 0, 0, '0000-00-00 00:00:00', 1),
(1, 1, 2, 0, 0, 0, '0000-00-00 00:00:00', 2),
(1, 2, 1, 0, 0, 0, '0000-00-00 00:00:00', 3),
(1, 2, 2, 0, 0, 0, '0000-00-00 00:00:00', 4),
(1, 3, 1, 0, 0, 0, '0000-00-00 00:00:00', 5),
(1, 3, 2, 0, 0, 0, '0000-00-00 00:00:00', 6),
(1, 4, 1, 0, 0, 0, '0000-00-00 00:00:00', 7),
(1, 4, 2, 0, 0, 0, '0000-00-00 00:00:00', 8),
(1, 5, 1, 0, 0, 0, '0000-00-00 00:00:00', 9),
(1, 5, 2, 0, 0, 0, '0000-00-00 00:00:00', 10),
(1, 6, 1, 0, 0, 0, '0000-00-00 00:00:00', 11),
(1, 6, 2, 0, 0, 0, '0000-00-00 00:00:00', 12),
(2, 1, 1, 0, 0, 0, '2016-11-13 10:06:07', 13),
(2, 1, 2, 0, 0, 0, '2016-11-13 10:06:07', 14),
(2, 2, 1, 0, 0, 0, '2016-11-13 10:06:08', 15),
(2, 2, 2, 0, 0, 0, '2016-11-13 10:06:08', 16),
(2, 3, 1, 0, 0, 0, '2016-11-12 16:00:00', 17),
(2, 3, 2, 0, 0, 0, '2016-11-12 16:00:00', 18),
(2, 4, 1, 0, 0, 0, '2016-11-12 16:00:00', 19),
(2, 4, 2, 0, 0, 0, '2016-11-12 16:00:00', 20),
(2, 5, 1, 0, 0, 0, '2016-11-13 10:06:46', 21),
(2, 5, 2, 0, 0, 0, '2016-11-13 10:06:46', 22),
(2, 6, 1, 0, 0, 0, '2016-11-13 10:06:46', 23),
(2, 6, 2, 0, 0, 0, '2016-11-13 10:06:46', 24),
(1, 7, 1, 0, 0, 0, '2016-12-13 18:11:11', 25),
(1, 7, 2, 0, 0, 0, '2016-12-13 18:11:11', 26),
(1, 7, 3, 0, 0, 0, '2016-12-13 18:11:11', 27),
(2, 7, 1, 0, 0, 0, '2016-12-13 18:11:11', 28),
(2, 7, 2, 0, 0, 0, '2016-12-13 18:11:11', 29),
(2, 7, 3, 0, 0, 0, '2016-12-13 18:11:11', 30),
(1, 8, 1, 0, 0, 0, '2016-12-13 18:35:18', 32),
(1, 8, 2, 0, 0, 0, '2016-12-13 18:35:18', 33),
(1, 8, 3, 0, 0, 0, '2016-12-13 18:35:18', 34),
(2, 8, 1, 0, 0, 0, '2016-12-13 18:35:18', 35),
(2, 8, 2, 0, 0, 0, '2016-12-13 18:35:18', 36),
(2, 8, 3, 0, 0, 0, '2016-12-13 18:35:18', 37),
(3, 1, 1, 0, 0, 0, '2016-12-13 18:40:23', 39),
(3, 1, 2, 0, 0, 0, '2016-12-13 18:40:23', 40),
(3, 2, 1, 0, 0, 0, '2016-12-13 18:40:23', 41),
(3, 2, 2, 0, 0, 0, '2016-12-13 18:40:23', 42),
(3, 3, 1, 0, 0, 0, '2016-12-13 18:40:23', 43),
(3, 3, 2, 0, 0, 0, '2016-12-13 18:40:23', 44),
(3, 4, 1, 0, 0, 0, '2016-12-13 18:40:23', 45),
(3, 4, 2, 0, 0, 0, '2016-12-13 18:40:23', 46),
(3, 5, 1, 0, 0, 0, '2016-12-13 18:40:23', 47),
(3, 5, 2, 0, 0, 0, '2016-12-13 18:40:23', 48),
(3, 6, 1, 0, 0, 0, '2016-12-13 18:40:23', 49),
(3, 6, 2, 0, 0, 0, '2016-12-13 18:40:23', 50),
(3, 7, 1, 0, 0, 0, '2016-12-13 18:40:23', 51),
(3, 7, 2, 0, 0, 0, '2016-12-13 18:40:23', 52),
(3, 7, 3, 0, 0, 0, '2016-12-13 18:40:23', 53),
(3, 8, 1, 0, 0, 0, '2016-12-13 18:40:23', 54),
(3, 8, 2, 0, 0, 0, '2016-12-13 18:40:23', 55),
(3, 8, 3, 0, 0, 0, '2016-12-13 18:40:23', 56),
(4, 1, 1, 0, 0, 0, '2016-12-13 18:43:06', 70),
(4, 1, 2, 0, 0, 0, '2016-12-13 18:43:06', 71),
(4, 2, 1, 0, 0, 0, '2016-12-13 18:43:06', 72),
(4, 2, 2, 0, 0, 0, '2016-12-13 18:43:06', 73),
(4, 3, 1, 0, 0, 0, '2016-12-13 18:43:06', 74),
(4, 3, 2, 0, 0, 0, '2016-12-13 18:43:06', 75),
(4, 4, 1, 0, 0, 0, '2016-12-13 18:43:06', 76),
(4, 4, 2, 0, 0, 0, '2016-12-13 18:43:06', 77),
(4, 5, 1, 0, 0, 0, '2016-12-13 18:43:06', 78),
(4, 5, 2, 0, 0, 0, '2016-12-13 18:43:06', 79),
(4, 6, 1, 0, 0, 0, '2016-12-13 18:43:06', 80),
(4, 6, 2, 0, 0, 0, '2016-12-13 18:43:06', 81),
(4, 7, 1, 0, 0, 0, '2016-12-13 18:43:06', 82),
(4, 7, 2, 0, 0, 0, '2016-12-13 18:43:06', 83),
(4, 7, 3, 0, 0, 0, '2016-12-13 18:43:06', 84),
(4, 8, 1, 0, 0, 0, '2016-12-13 18:43:06', 85),
(4, 8, 2, 0, 0, 0, '2016-12-13 18:43:06', 86),
(4, 8, 3, 0, 0, 0, '2016-12-13 18:43:06', 87),
(5, 1, 1, 0, 0, 0, '2016-12-13 18:44:01', 101),
(5, 1, 2, 0, 0, 0, '2016-12-13 18:44:01', 102),
(5, 2, 1, 0, 0, 0, '2016-12-13 18:44:01', 103),
(5, 2, 2, 0, 0, 0, '2016-12-13 18:44:01', 104),
(5, 3, 1, 0, 0, 0, '2016-12-13 18:44:01', 105),
(5, 3, 2, 0, 0, 0, '2016-12-13 18:44:01', 106),
(5, 4, 1, 0, 0, 0, '2016-12-13 18:44:01', 107),
(5, 4, 2, 0, 0, 0, '2016-12-13 18:44:01', 108),
(5, 5, 1, 0, 0, 0, '2016-12-13 18:44:01', 109),
(5, 5, 2, 0, 0, 0, '2016-12-13 18:44:01', 110),
(5, 6, 1, 0, 0, 0, '2016-12-13 18:44:01', 111),
(5, 6, 2, 0, 0, 0, '2016-12-13 18:44:01', 112),
(5, 7, 1, 0, 0, 0, '2016-12-13 18:44:01', 113),
(5, 7, 2, 0, 0, 0, '2016-12-13 18:44:01', 114),
(5, 7, 3, 0, 0, 0, '2016-12-13 18:44:01', 115),
(5, 8, 1, 0, 0, 0, '2016-12-13 18:44:01', 116),
(5, 8, 2, 0, 0, 0, '2016-12-13 18:44:01', 117),
(5, 8, 3, 0, 0, 0, '2016-12-13 18:44:01', 118),
(6, 1, 1, 0, 0, 0, '2016-12-13 18:44:48', 132),
(6, 1, 2, 0, 0, 0, '2016-12-13 18:44:48', 133),
(6, 2, 1, 0, 0, 0, '2016-12-13 18:44:48', 134),
(6, 2, 2, 0, 0, 0, '2016-12-13 18:44:48', 135),
(6, 3, 1, 0, 0, 0, '2016-12-13 18:44:48', 136),
(6, 3, 2, 0, 0, 0, '2016-12-13 18:44:48', 137),
(6, 4, 1, 0, 0, 0, '2016-12-13 18:44:48', 138),
(6, 4, 2, 0, 0, 0, '2016-12-13 18:44:48', 139),
(6, 5, 1, 0, 0, 0, '2016-12-13 18:44:48', 140),
(6, 5, 2, 0, 0, 0, '2016-12-13 18:44:48', 141),
(6, 6, 1, 0, 0, 0, '2016-12-13 18:44:48', 142),
(6, 6, 2, 0, 0, 0, '2016-12-13 18:44:48', 143),
(6, 7, 1, 0, 0, 0, '2016-12-13 18:44:48', 144),
(6, 7, 2, 0, 0, 0, '2016-12-13 18:44:48', 145),
(6, 7, 3, 0, 0, 0, '2016-12-13 18:44:48', 146),
(6, 8, 1, 0, 0, 0, '2016-12-13 18:44:48', 147),
(6, 8, 2, 0, 0, 0, '2016-12-13 18:44:48', 148),
(6, 8, 3, 0, 0, 0, '2016-12-13 18:44:48', 149),
(7, 1, 1, 0, 0, 0, '2016-12-13 18:45:40', 163),
(7, 1, 2, 0, 0, 0, '2016-12-13 18:45:40', 164),
(7, 2, 1, 0, 0, 0, '2016-12-13 18:45:40', 165),
(7, 2, 2, 0, 0, 0, '2016-12-13 18:45:40', 166),
(7, 3, 1, 0, 0, 0, '2016-12-13 18:45:40', 167),
(7, 3, 2, 0, 0, 0, '2016-12-13 18:45:40', 168),
(7, 4, 1, 0, 0, 0, '2016-12-13 18:45:40', 169),
(7, 4, 2, 0, 0, 0, '2016-12-13 18:45:40', 170),
(7, 5, 1, 0, 0, 0, '2016-12-13 18:45:40', 171),
(7, 5, 2, 0, 0, 0, '2016-12-13 18:45:40', 172),
(7, 6, 1, 0, 0, 0, '2016-12-13 18:45:40', 173),
(7, 6, 2, 0, 0, 0, '2016-12-13 18:45:40', 174),
(7, 7, 1, 0, 0, 0, '2016-12-13 18:45:40', 175),
(7, 7, 2, 0, 0, 0, '2016-12-13 18:45:40', 176),
(7, 7, 3, 0, 0, 0, '2016-12-13 18:45:40', 177),
(7, 8, 1, 0, 0, 0, '2016-12-13 18:45:40', 178),
(7, 8, 2, 0, 0, 0, '2016-12-13 18:45:40', 179),
(7, 8, 3, 0, 0, 0, '2016-12-13 18:45:40', 180),
(8, 1, 1, 0, 0, 0, '2016-12-13 18:46:14', 194),
(8, 1, 2, 0, 0, 0, '2016-12-13 18:46:14', 195),
(8, 2, 1, 0, 0, 0, '2016-12-13 18:46:14', 196),
(8, 2, 2, 0, 0, 0, '2016-12-13 18:46:14', 197),
(8, 3, 1, 0, 0, 0, '2016-12-13 18:46:14', 198),
(8, 3, 2, 0, 0, 0, '2016-12-13 18:46:14', 199),
(8, 4, 1, 0, 0, 0, '2016-12-13 18:46:14', 200),
(8, 4, 2, 0, 0, 0, '2016-12-13 18:46:14', 201),
(8, 5, 1, 0, 0, 0, '2016-12-13 18:46:14', 202),
(8, 5, 2, 0, 0, 0, '2016-12-13 18:46:14', 203),
(8, 6, 1, 0, 0, 0, '2016-12-13 18:46:14', 204),
(8, 6, 2, 0, 0, 0, '2016-12-13 18:46:14', 205),
(8, 7, 1, 0, 0, 0, '2016-12-13 18:46:14', 206),
(8, 7, 2, 0, 0, 0, '2016-12-13 18:46:14', 207),
(8, 7, 3, 0, 0, 0, '2016-12-13 18:46:14', 208),
(8, 8, 1, 0, 0, 0, '2016-12-13 18:46:14', 209),
(8, 8, 2, 0, 0, 0, '2016-12-13 18:46:14', 210),
(8, 8, 3, 0, 0, 0, '2016-12-13 18:46:14', 211);

-- --------------------------------------------------------

--
-- 資料表結構 `story`
--

CREATE TABLE `story` (
  `story_serial_number` bigint(20) NOT NULL,
  `story_number` int(10) NOT NULL,
  `story_name` varchar(20) NOT NULL,
  `story_address` varchar(30) NOT NULL,
  `story_latitude` text NOT NULL,
  `story_longitude` text NOT NULL,
  `story_picture` varchar(100) NOT NULL,
  `story_data` text NOT NULL,
  `story_part` int(10) NOT NULL,
  `story_show` tinyint(1) NOT NULL,
  `story_date` timestamp NOT NULL DEFAULT CURRENT_TIMESTAMP ON UPDATE CURRENT_TIMESTAMP
) ENGINE=InnoDB DEFAULT CHARSET=utf8;

--
-- 資料表的匯出資料 `story`
--

INSERT INTO `story` (`story_serial_number`, `story_number`, `story_name`, `story_address`, `story_latitude`, `story_longitude`, `story_picture`, `story_data`, `story_part`, `story_show`, `story_date`) VALUES
(1, 1, '台中放送局', '台中市北區電台街1號', '24.149868', '120.691093', '../picture/2/1/1.jpg', '台中放送局建於1935年，主體建築屬於「過渡式樣」，點綴性裝飾元素包括「簡約羅馬風格」與「簡化哥德風格」兩類，那美麗的建築及庭園景觀，位於全台絕無僅有的「電台街」上，整條電台街只有一個門牌號碼「電台街1號」，至今已走過七十餘年歷史，是台中市民的老朋友。', 1, 0, '2016-11-05 18:28:42'),
(2, 1, '第二市場 - 六角樓', '台中市中區中正路與三民路口', '24.142394', '120.679194', '../picture/2/1/2.jpg', '1917年台中州廳政府於新富町建立「新富町市場」。以精美的貨品品質、較高的售價服務於當時新富町的日本人，因此又有「日本人的市場」之稱。後經歷火災，於民國36年改建為現在樣貌，原本放射狀的第二市場中心「六角樓」原具有瞭望台的功能，後來也因為周圍高樓林立，逐漸失去功能。', 2, 0, '2016-11-05 18:28:42'),
(3, 2, '高美濕地', '台中市清水區高美路', '24.311593', '120.550166', '../picture/2/2/1.jpg', '日據時期的高美，日人除了設立學校也開闢高美海水浴場，當時昭和巴士早已在清水的高美路上來回馳騁，民國56年高美燈塔的建立，增添一處地標景觀，使高美海水浴場的遊客熱潮，達到巔峰。這即是高美濕地的前身。民國65年10月台中港正式完工啟用，海水浴場泥沙日漸淤積，遊客稀少，終告關閉。沉寂了二十幾年的高美海水浴場（高美濕地）以豐富的生態資源及種類繁多的候鳥在此棲息，再度吸引人們的重視與關懷。', 1, 0, '2016-11-05 18:28:42'),
(4, 2, '台中南天宮', '台中市東區自由路三段309號', '24.142992', '120.695917', '../picture/2/2/2.jpg', '台中的東區的南天宮，是台中市最大的關帝廟，樓頂上有尊標高146公尺高莊嚴的關聖帝君，從遠處就可以看得他英明神武的塑像，非常壯觀!! 而一般人認識的關公大多是忠義精神的象徵，但是他在民間信仰中同時也是武財神哦。', 2, 0, '2016-11-05 18:28:42'),
(5, 3, '資訊工程學系', '資訊電機學院2樓', '24.179349', '120.650098', '../picture/2/3/1.jpg', '每個學程均設有「專題研究」的課程，是本系訓練學生實務經驗的重要過程。本課程要求學生於大二下學期選定指導老師，自訂專題題目，經過三個學期的專題製作與撰寫專題報告，最後由三位教授的口試評審認可後始為通過，猶如正式的畢業論文。學生經此專題訓練後，不管是再繼續深造或就業，都能獲得各界的認同與重視。', 1, 0, '2016-11-05 18:28:42'),
(6, 3, '自動控制工程學系', '資訊電機學院3樓', '24.179349', '120.650098', '../picture/2/3/2.jpg', '大學部教育宗旨為培養理論與實務並重之自動化人才，使其具有定規範、評估、實現、測試與改善控制系統之能力。因此學程之規劃涵蓋數理、機械、電機、資訊領域，並加以信號與控制之理論與應用來培養機電整合，獨立學習與系統設計之自動化工程師。 ', 2, 0, '2016-11-05 18:28:42'),
(7, 4, '會計學系', '商學院4樓', '24.178507', '120.650324', '../picture/2/4/1.jpg', '目前師資教授二位、副教授八位、助理教授六位，其中具有博士學位者十六位。本系教育目標在培育高級會計人才，五十餘年來，畢業系友達一萬餘人，無論在國內外深造或就業均有優異表現，且每年考上公職人員及會計師證照者亦不在少數。本系與財稅系於民國八十七年成立「會計與財稅研究所」分設會計組與財稅組，是國內結合會計與財稅特色的研究所，成立以來，有口皆碑。', 1, 0, '2016-11-05 18:28:42'),
(8, 4, '財稅學系', '商學院5樓', '24.178507', '120.650324', '../picture/2/4/2.jpg', '（1）財稅專業知識的傳授（2）租稅實務的訓練（3）財稅思維的創新（4）自我表現（5）團隊精神（6）國際觀', 2, 0, '2016-11-05 18:28:42'),
(9, 5, '菠羅先生', '台中市西屯區慶和街11號', '24.175695', '120.647323', '../picture/2/5/1.jpg', '菠羅哥真的超讚，超有態度，正面能量超強，才讓我有機會吃到美味，且心情特別美麗。', 1, 0, '2016-11-05 18:28:42'),
(10, 5, '官芝霖大腸包小腸', '台中市西屯區逢甲路20巷16號', '24.179562', '120.646118', '../picture/2/5/2.jpg', '嚐的到糯米腸和香腸的原味，糯米腸Q黏，香腸也不會太肥，配料口味比起來，雖然到處都有賣這一味，不過這吃起來的口感很不一樣，可能是糯米腸用碳火烤過，火侯能拿捏精準，所以口感很不錯，難怪大家能願意忍受大排長龍也要吃到它', 2, 0, '2016-11-05 18:28:42'),
(11, 6, '胖子雞排雞丁', '台中市一中街20號', '24.147129', '120.684546', '../picture/2/6/1.jpg', '肉質軟嫩且帶點揪西的肉汁，真的是不錯吃！\r\n只是切過後，外皮和肉也分家了，吃雞排就是要酥酥的外皮和鮮嫩的雞肉一起入口才豐富嘛！\r\n下次來要記得不要切，整塊大口大口咬才過癮！', 1, 0, '2016-11-05 18:28:42'),
(12, 6, '王印製麵麻辣乾麵', '台中市北區太平路65-1號', '24.147832', '120.684498', '../picture/2/6/2.jpg', '一碗拌麵帶著大約5片的牛肉，看似乾柴，入口的牛肉味道濃郁，肉片上牛筋燉的夠透，吃起來有軟Q感。碗下有湯料，記得吃之前攪拌一下，麵條有彈牙感，頗好吃，麵量就大概6~7分飽度。', 2, 0, '2016-11-05 18:28:42'),
(13, 7, '階梯廣場', '台中市西屯區人言大樓1樓', '24.1797195', '120.64862700000003', '../picture/2/7/1.jpg', '1樓與2樓，以創新的資訊服務、開放及互動的空間規劃，配合雲端網路，創造以利學生多元、彈性的學習空間；原有積學堂的藝廊、劇場、閱讀寫作區、專題討論區，再加上一樓入口的階梯廣場、智慧服務中心及新進駐的Studio A。', 1, 0, '2016-12-13 18:11:10'),
(14, 7, '積學堂', '台中市西屯區人言大樓B1', '24.1797195', '120.64862700000003', '../picture/2/7/2.jpg', '8月1號,逢甲大學新校長上任,人言大樓地下一樓的積學堂也正式剪綵啟用,校方把原本未妥善利用的空間,以明亮的光線和色彩,規劃了藝廊.劇場.閱讀寫作區和專題討論區,讓師生能在這,互動.討論和學習,培養出跨領域的整合人才。', 2, 0, '2016-12-13 18:13:21'),
(15, 7, '逢甲大學資訊處', '台中市西屯區人言大樓3樓', '24.1797195', '120.64862700000003', '../picture/2/7/3.jpg', '逢甲大學資訊處於民國五十八年七月成立，原稱電子計算機中心，後改稱電腦中心，經不斷擴充設備與人員，於民國七十五年八月一日轉型為「資訊中心」，民國九十年再升級為「資訊處」，隸屬於全校之一級單位，負責訂定學校資訊政策，統合全校資訊資源之開發與運用，並維持全校資訊系統之穩定運作。', 3, 0, '2016-12-13 18:13:21'),
(16, 8, '弦樂社', '台中市西屯區逢甲育樂館弦樂社', '24.180010', '120.647457', '../picture/2/8/1.jpg', '弦樂社成果發表「戀戀冬律」開始倒數啦！來自香港的新進社員吳家謙將為我們帶來法蘭茲‧李斯特－匈牙利作曲家，素有「鋼琴之王」稱號－的作品《第三號帕格尼尼主題大練習曲 – 鐘》喔，一同來一睹鋼琴技巧之巔峰曲目《鐘》的驚人技巧吧！', 1, 0, '2016-12-13 18:37:45'),
(17, 8, '樂舞社', '台中市西屯區逢甲育樂館樂舞社', '24.180196', '120.646857', '../picture/2/8/2.jpg', '飛靡全台，最嗨聯名學生千人派對，JP-Ent&DJ KOZY ，首度中台灣XCUBE性感演出，要給你最狂的派對節奏，一起上下左右舞動搖擺，肆無忌憚放縱到天亮，度過最熱血的青春派對。', 2, 0, '2016-12-13 18:37:46'),
(18, 8, '魔術社', '台中市西屯區逢甲育樂館魔術社', '24.180548', '120.646717', '../picture/2/8/3.jpg', '逢甲魔術社歷史悠久，最早起源已不可考!\r\n故名「魔幻的藝術」，秉持著一貫低調神秘的作風...\r\n全新的魔術社賦予著驚奇與歡笑\r\n你想站在舞台上享受掌聲!?\r\n還是想在台下看著觀眾吃驚的表情!?\r\n「魔術」不僅僅只是用來「把妹」或「交朋友」的武器\r\n加入「魔術社」完成對從小夢想的渴望吧!', 3, 0, '2016-12-13 18:37:46');

-- --------------------------------------------------------

--
-- 資料表結構 `task`
--

CREATE TABLE `task` (
  `task_number` int(10) NOT NULL,
  `task_name` varchar(20) NOT NULL,
  `task_block` varchar(20) NOT NULL,
  `task_type` tinyint(1) NOT NULL,
  `task_picture` varchar(100) NOT NULL,
  `task_Introduction` text NOT NULL,
  `task_part` int(10) NOT NULL,
  `task_hot` int(6) NOT NULL,
  `task_developer` bigint(20) NOT NULL,
  `task_show` tinyint(1) NOT NULL,
  `task_date` date NOT NULL
) ENGINE=InnoDB DEFAULT CHARSET=utf8;

--
-- 資料表的匯出資料 `task`
--

INSERT INTO `task` (`task_number`, `task_name`, `task_block`, `task_type`, `task_picture`, `task_Introduction`, `task_part`, `task_hot`, `task_developer`, `task_show`, `task_date`) VALUES
(1, '台中歷史', '台中市', 1, '../picture/2/1/main.jpg', '臺中市文化資產是臺中市文化資產處與文化部文化資產局依《文化資產保存法》裡的七類文化資產以及文化資產保存技術及保存者將臺中市市域內登錄的文化資產。臺中地區開發史從清治時期開始至今已有一百多年的歷史，經歷了清朝、日治與民國時期。臺中市文化資產是臺中市文化資產處與文化部文化資產局依《文化資產保存法》裡的七類文化資產以及文化資產保存技術及保存者將臺中市市域內登錄的文化資產。臺中地區開發史從清治時期開始至今已有一百多年的歷史，經歷了清朝、日治與民國時期。', 2, 10, 2, 1, '2016-11-13'),
(2, '台中風景', '台中市', 1, '../picture/2/2/main.jpg', '提供台中好玩的地方~ 台中好玩的景點!', 2, 20, 2, 1, '2016-11-13'),
(3, '資訊電機學院', '台中市西屯區', 2, '../picture/2/3/main.jpg', '逢甲大學於民國八十八年結合既有的資電相關科系、整合教學和研究資源，率先於大中部地區成立第一個資訊電機學院。首創學程導向的教學規劃，有效整合教學與研究資源，建立多元化、精緻化、資訊化、國際化的教學環境。', 2, 30, 2, 1, '2016-11-06'),
(4, '商學院', '台中市西屯區', 2, '../picture/2/4/main.jpg', '本校院系為因應研究、教學與服務社會及推動校務之需要，得經行政會議審議通過設置「學術單位中心」，校設中心為因應整體校務發展之需要，由本校主動設立之中心；而自設中心則為本校教師或教學單位因應整合性教學、研究工作之推動，或專門領域內實務應用之推廣，自主發起成立之中心。', 2, 40, 2, 1, '2016-11-06'),
(5, '逢甲夜市', '台中市西屯區', 3, '../picture/2/5/main.jpg', '逢甲文華夜市位於逢甲大學側門，從文華路一直延伸到福星路，消費族群以二、三十歲的年輕人為主。因其有著位於學區和接近市區的地緣關係，逐漸成為臺中市夜市集團的龍頭。逢甲文華夜市與其它臺中市夜市最大不同之處，在於其不單是以飲食著稱，也包含了各式各樣的商店，營業時間亦較長。近年來，市政府重新規劃商圈風貌，整修路面，街道造景，並規劃停車空間，努力解決停車的問題。現今逢甲文華夜市嶄新面貌更吸引了不少消費族群，商圈更有逐漸擴大的現象，並成為民眾心目中票選「臺中市十大觀光景點」之一。', 2, 50, 2, 1, '2016-11-06'),
(6, '一中街夜市', '臺中市北區一中街', 3, '../picture/2/6/main.jpg', '一中商圈（亦稱一中街、一中街商圈、台中一中商圈），是位於臺中市北區的大型商圈，範圍包含三民路、一中街、太平路、育才街與育才南街、北路。近十年快速崛起，成為中部高中生聚集處，典型的大型學生商圈。', 2, 60, 2, 1, '2016-11-06'),
(7, '人言大樓', '台中市西屯區', 1, '../picture/2/7/main.jpg', '人言大樓完工於民國82年11月，為紀念本校高信（人言先生）董事長對本校之貢獻故命名為人言大樓，其原址為女教職員招待所。\r\n　　本大樓為十四層建築物，一樓設有書局、藝術中心展館，八樓以上為人文社會學院十樓為校友聯絡室及通識沙龍，二樓至七樓為教室。目前為本校重要中心地標之一。', 3, 0, 2, 1, '2016-12-14'),
(8, '育樂館', '台中市西屯區', 2, '../picture/2/8/main.jpg', '育樂館於民國五十八年六月落成，為本學院師生體育 、 娛樂 、 集會及休憩之主要場所，全部建築面績一千九百坪，幾經翻修，內部的各項設施雖有變動，但育樂館的原貌不改，依舊佇立在校園裡的一角，持續不斷的為逢甲人服務。 ', 3, 0, 2, 1, '2016-12-14');

-- --------------------------------------------------------

--
-- 資料表結構 `user`
--

CREATE TABLE `user` (
  `user_id` bigint(20) NOT NULL,
  `user_account` varchar(20) NOT NULL,
  `user_password` varchar(20) NOT NULL,
  `user_fname` varchar(10) NOT NULL,
  `user_lname` varchar(20) NOT NULL,
  `user_sex` char(5) NOT NULL,
  `user_telephone` varchar(20) NOT NULL,
  `user_cellphone` varchar(20) NOT NULL,
  `user_email` varchar(40) NOT NULL,
  `user_address` varchar(50) NOT NULL,
  `user_url` varchar(50) NOT NULL,
  `user_phone_number` varchar(40) NOT NULL,
  `user_date` datetime NOT NULL,
  `user_permissions` tinyint(11) NOT NULL
) ENGINE=InnoDB DEFAULT CHARSET=utf8;

--
-- 資料表的匯出資料 `user`
--

INSERT INTO `user` (`user_id`, `user_account`, `user_password`, `user_fname`, `user_lname`, `user_sex`, `user_telephone`, `user_cellphone`, `user_email`, `user_address`, `user_url`, `user_phone_number`, `user_date`, `user_permissions`) VALUES
(1, 'developer01', 'developer01', '郭', '子奇', '男', '066535657', '0934567890', 'jackykok@gmail.com', '馬來西亞', '', '', '2016-07-21 14:30:28', 1),
(2, 'developer02', 'developer02', '陳', '泓諭', '男', '066535678', '0936782861', 'xzca1922@yahoo.com.tw', '中華民國台南市鹽水區橋南里321號', '', '', '2016-07-21 16:07:34', 1),
(3, 'developer03', 'developer03', '靳', '庭榮', '男', '0934567890', '066536678', 'bobo@yahoo.com.tw', '台中市', '', '', '2016-12-14 02:40:23', 0),
(4, 'test01', 'test01', '測試', '1號', '男', '6534567893', '0934567890', 'test01@gmail.com', '', '', '', '2016-12-14 02:43:05', 0),
(5, 'test02', 'test02', '測試', '2號', '男', '0634567890', '0934567890', 'test02@gmail.com', '', '', '', '2016-12-14 02:44:01', 0),
(6, 'test03', 'test03', '測試', '3號', '男', '0634567890', '0934567890', 'test03@gmail.com', '', '', '', '2016-12-14 02:44:48', 0),
(7, 'test04', 'test04', '測試', '4號', '男', '0634567890', '0934567890', 'test04@gmail.com', '', '', '', '2016-12-14 02:45:40', 0),
(8, 'test05', 'test05', '測試', '5號', '男', '0634567890', '0934567890', 'test05@gmail.com', '', '', '', '2016-12-14 02:46:14', 0);

--
-- 已匯出資料表的索引
--

--
-- 資料表索引 `have`
--
ALTER TABLE `have`
  ADD PRIMARY KEY (`test_key`),
  ADD KEY `have_account` (`have_id`),
  ADD KEY `have_number` (`have_number`),
  ADD KEY `havestory_story_part` (`have_story_part`);

--
-- 資料表索引 `story`
--
ALTER TABLE `story`
  ADD PRIMARY KEY (`story_serial_number`),
  ADD KEY `story_number` (`story_number`),
  ADD KEY `story_part` (`story_part`);

--
-- 資料表索引 `task`
--
ALTER TABLE `task`
  ADD PRIMARY KEY (`task_number`),
  ADD UNIQUE KEY `task_number` (`task_number`),
  ADD KEY `task_number_2` (`task_number`),
  ADD KEY `task_developer` (`task_developer`);

--
-- 資料表索引 `user`
--
ALTER TABLE `user`
  ADD PRIMARY KEY (`user_id`),
  ADD UNIQUE KEY `user_account` (`user_account`),
  ADD KEY `user_account_2` (`user_account`),
  ADD KEY `user_id` (`user_id`);

--
-- 在匯出的資料表使用 AUTO_INCREMENT
--

--
-- 使用資料表 AUTO_INCREMENT `have`
--
ALTER TABLE `have`
  MODIFY `test_key` int(11) NOT NULL AUTO_INCREMENT, AUTO_INCREMENT=225;
--
-- 使用資料表 AUTO_INCREMENT `story`
--
ALTER TABLE `story`
  MODIFY `story_serial_number` bigint(20) NOT NULL AUTO_INCREMENT, AUTO_INCREMENT=19;
--
-- 使用資料表 AUTO_INCREMENT `task`
--
ALTER TABLE `task`
  MODIFY `task_number` int(10) NOT NULL AUTO_INCREMENT, AUTO_INCREMENT=9;
--
-- 使用資料表 AUTO_INCREMENT `user`
--
ALTER TABLE `user`
  MODIFY `user_id` bigint(20) NOT NULL AUTO_INCREMENT, AUTO_INCREMENT=9;
--
-- 已匯出資料表的限制(Constraint)
--

--
-- 資料表的 Constraints `have`
--
ALTER TABLE `have`
  ADD CONSTRAINT `have_ibfk_1` FOREIGN KEY (`have_id`) REFERENCES `user` (`user_id`) ON DELETE CASCADE ON UPDATE CASCADE,
  ADD CONSTRAINT `have_ibfk_2` FOREIGN KEY (`have_number`) REFERENCES `task` (`task_number`) ON DELETE CASCADE ON UPDATE CASCADE,
  ADD CONSTRAINT `have_ibfk_3` FOREIGN KEY (`have_story_part`) REFERENCES `story` (`story_part`) ON DELETE CASCADE ON UPDATE CASCADE;

--
-- 資料表的 Constraints `story`
--
ALTER TABLE `story`
  ADD CONSTRAINT `story_ibfk_1` FOREIGN KEY (`story_number`) REFERENCES `task` (`task_number`) ON DELETE CASCADE ON UPDATE CASCADE;

/*!40101 SET CHARACTER_SET_CLIENT=@OLD_CHARACTER_SET_CLIENT */;
/*!40101 SET CHARACTER_SET_RESULTS=@OLD_CHARACTER_SET_RESULTS */;
/*!40101 SET COLLATION_CONNECTION=@OLD_COLLATION_CONNECTION */;
